Ticket Number,Discount Code
1,
2,
3,
4,
5,
6,
7,
8,
9,
10,
11,
12,
13,
14,
15,
16,
17,
18,
19,
20,
21,
22,
23,
24,
25,
26,
27,
28,
29,
30,
31,
32,
33,
34,BKKDAMNHOT
35,BKKDAMNHOT
36,
37,BKKDAMNHOT
38,BKKDAMNHOT
39,BKKDAMNHOT
40,
41,BKKDAMNHOT
42,BKKDAMNHOT
43,
44,
45,
46,BKKDAMNHOT
47,
48,
49,BKKDAMNHOT
50,
51,
52,BKKDAMNHOT
53,
54,
55,
56,BKKDAMNHOT
57,
58,BKKDAMNHOT
59,
60,
61,BKKDAMNHOT
62,
63,
64,
65,BKKDAMNHOT
66,
67,
68,BKKDAMNHOT
69,
70,
71,BKKDAMNHOT
72,
73,BKKDAMNHOT
74,
75,BKKDAMNHOT
